term,label,coefficient,std_error,p_value,ci_low,ci_high,approx_pct_effect
education_level,Education step premium,0.1175028939261438,0.0017072855809539484,0.0,0.11415667567614951,0.12084911217613808,12.468488469401473
age_centered,Age effect (centered),-0.014993239752714717,0.00019798317752540154,0.0,-0.015381279650209304,-0.01460519985522013,-1.4881400774111597
I(age_centered ** 2),Age squared,-0.0003765962490696187,8.78982877538417e-06,0.0,-0.0003938239968996455,-0.0003593685012395919,-0.03765253456031736
family_member,Household size effect,0.2182220715261383,0.002292975603625379,0.0,0.21372792192560355,0.22271622112667303,24.386326356354626
year,Survey year trend,0.04368068516641447,0.0004948823409633582,0.0,0.042710733601541415,0.044650636731287524,4.464872979024892
