term,vif
education_level,1.710351559820183
age_centered,1.9562063562032614
age_centered_sq,1.1782724490404257
family_member,1.4039654424392256
year,1.0310070007745347
