term,label,coefficient,std_error,p_value,ci_low,ci_high,approx_pct_effect
education_level,Education step premium,0.11750289392614859,0.0017072855809539202,0.0,0.11415667567615435,0.12084911217614282,12.468488469402006
age,Age effect,0.03367564177036203,0.0010948845791466332,9.780870132008637e-208,0.031529707428006336,0.035821576112717725,3.4249085114208766
I(age ** 2),Age squared,-0.00037659624906929935,8.789828775383706e-06,0.0,-0.0003938239968993252,-0.0003593685012392735,-0.03765253456028406
family_member,Household size effect,0.21822207152613837,0.0022929756036253646,0.0,0.21372792192560366,0.22271622112667308,24.386326356354648
year,Survey year trend,0.04368068516641421,0.0004948823409633384,0.0,0.0427107336015412,0.044650636731287226,4.46487297902487
