education_label,respondents,median_income_usd,average_income_usd
No formal education (age 7+),9320,770.0,1004.2724141646509
Elementary school,20395,1204.5454545454545,1668.621629056773
Middle school,12019,1923.6363636363637,2491.2578094587357
High school,25935,3144.5454545454545,3790.162580198948
College,5873,3939.090909090909,4480.059187420553
University degree,13897,4531.818181818182,5402.184272508789
Master's degree,2217,5593.636363636364,6219.523808755895
Doctorate,279,6639.090909090909,8246.679700228087
