feature_group,importance
family_member,0.4782518540729626
age,0.14561722542098432
education_level,0.1435282913640719
year,0.10416146338423336
region_label,0.05665734191078997
marriage_label,0.04795843717892005
religion_label,0.01608536896330758
gender_label,0.007740017704730051
