model,cv_r2_mean,cv_r2_std,cv_mae_mean,cv_mae_std,cv_rmse_mean,cv_rmse_std
Tuned random forest,0.6486688161782228,0.0031337550801798864,873.8556012835173,2.266719839205093,1241.5585835579113,4.72739363022442
Gradient boosting,0.5993256001037888,0.004340637383682857,952.6185095709618,4.098399249704824,1325.8802583271952,7.487231813480229
Multivariable linear regression,0.5420701791350787,0.0034734288682090565,1050.6555559794074,4.607918759039459,1417.4648870861126,6.632683505614198
Elastic Net,0.5420699928660927,0.003438637144822763,1050.6483607995847,4.577648097314914,1417.4654267404626,6.59992869912568
Education-only linear regression,0.2938624223095646,0.0054527836484150796,1342.8255966734578,5.918949221317532,1760.1828837564572,8.67299974739421
