model,cv_r2_mean,cv_r2_std,cv_rmse_mean,cv_rmse_std
Random Forest,0.6486569770054478,0.0031135727541786212,1241.5797044490362,4.697080867537622
XGBoost,0.6209359053767607,0.004818516854966884,1289.6172465369314,7.683563803972677
Gradient Boosting,0.611691511300292,0.004749013233649554,1305.2504700332422,7.584234517121405
Ridge,0.5420718798596289,0.003473154648117424,1417.4622593551742,6.63301960992831
Multivariable OLS,0.5420701791350787,0.0034734288682090504,1417.4648870861129,6.632683505614265
Elastic Net,0.542069992865833,0.0034386371442486877,1417.4654267408594,6.599928696579021
Education-only OLS,0.2938624223095646,0.005452783648415108,1760.1828837564572,8.67299974739437
