model,mae_usd,rmse_usd,r2
Multivariable random forest,908.8795848746729,1279.935787213273,0.6276461831216724
Multivariable linear regression,1049.8275959088048,1414.492027740752,0.5452418890462147
Education-only linear regression,1345.3991138592514,1762.5569831701432,0.2939007035488749
