model,quantile,education_coefficient,education_ci_low,education_ci_high,education_pct_premium,family_member_coefficient,year_coefficient,pseudo_r2
Quantile regression (25th percentile),0.25,0.1085244075568852,0.1047254468053921,0.11232336830837829,11.463211365305481,0.2120367486693624,0.04568205740898179,0.41835557873295715
Quantile regression (50th percentile),0.5,0.1296346459785127,0.126231915488237,0.1330373764687884,13.841238379316856,0.19997069722626293,0.04165731729744948,0.42828003313263296
Quantile regression (75th percentile),0.75,0.1325049689543505,0.1287992144830456,0.13621072342565538,14.168468905419296,0.19725458663339168,0.03657455700534662,0.38531555021492225
